[
    {
        "comment": "Quang@gmail.com",
        "contributor": "QuangHo",
        "id": 1614603899162
    },
    {
        "id": 1614604232869,
        "contributor": "QuangHo",
        "comment": "Testing@gmail.com"
    },
    {
        "id": 1614604849890,
        "contributor": "QuangHo",
        "comment": "h@gmail.com"
    },
    {
        "id": 1614604922794,
        "contributor": "Testing",
        "comment": "qwuerquerqo@gmail.com"
    },
    {
        "id": 1614605005900,
        "contributor": "Quang Ho",
        "comment": "939r832@gmail.com"
    },
    {
        "id": 1614606700997,
        "contributor": "Steve",
        "comment": "Steve@gmail.com"
    },
    {
        "id": 1614607785258,
        "contributor": "Your name",
        "comment": "Email@gmail.com"
    }
]